date,spend,impressions,clicks,leads,cpl
2023-01-01,18.77,1900,34,3,6.26
2023-01-02,33.27,3422,62,6,5.55
2023-01-03,36.38,5450,57,5,7.28
2023-01-04,32.0,4388,61,5,6.4
2023-01-05,28.05,3502,68,5,5.61
2023-01-06,29.76,4390,10,1,29.76
2023-01-07,23.55,3471,38,4,5.89
2023-01-08,126.74,16684,71,6,21.12
2023-01-09,225.83,24316,293,20,11.29
2023-01-10,159.79,17536,186,14,11.41
2023-01-11,131.07,13254,145,16,8.19
2023-01-12,167.77,13541,201,22,7.63
2023-01-13,152.03,17479,114,8,19.0
2023-01-14,107.37,13779,203,14,7.67
2023-01-15,25.94,2703,59,5,5.19
2023-01-16,37.38,2991,54,4,9.35
2023-01-17,32.84,3596,13,1,32.84
2023-01-18,30.32,2694,29,2,15.16
2023-01-19,33.87,4466,67,5,6.77
2023-01-20,36.43,4226,31,3,12.14
2023-01-21,21.0,2769,18,2,10.5
2023-01-22,23.31,3226,20,2,11.65
2023-01-23,29.88,2837,28,3,9.96
2023-01-24,39.92,5562,40,3,13.31
2023-01-25,36.86,4875,78,6,6.14
2023-01-26,34.01,3765,28,3,11.34
2023-01-27,30.59,4321,36,3,10.2
2023-01-28,26.25,2117,28,3,8.75
2023-01-29,15.86,1280,27,3,5.29
2023-01-30,24.9,2182,11,1,24.9
2023-01-31,30.37,3028,27,2,15.18
2023-02-01,67.71,8062,126,9,7.52
2023-02-02,65.47,5572,81,6,10.91
2023-02-03,73.33,8054,109,11,6.67
2023-02-04,56.61,7993,80,7,8.09
2023-02-05,10.97,1261,0,0,0.0
2023-02-06,17.18,1374,24,2,8.59
2023-02-07,14.07,1509,14,1,14.07
2023-02-08,15.67,1916,13,1,15.67
2023-02-09,16.88,1779,22,2,8.44
2023-02-10,17.47,2600,0,0,0.0
2023-02-11,13.63,1312,14,1,13.63
2023-02-12,42.65,4515,29,3,14.22
2023-02-13,64.93,6155,64,6,10.82
2023-02-14,55.37,5519,40,3,18.46
2023-02-15,96.04,12641,79,6,16.01
2023-02-16,43.8,3669,38,3,14.6
2023-02-17,70.52,10417,85,9,7.84
2023-02-18,39.97,5410,8,1,39.97
2023-02-19,33.88,3732,72,6,5.65
2023-02-20,50.93,7365,89,8,6.37
2023-02-21,50.48,4493,94,8,6.31
2023-02-22,58.92,6371,38,4,14.73
2023-02-23,64.95,5263,126,11,5.9
2023-02-24,62.21,7494,144,11,5.66
2023-02-25,38.87,3589,47,5,7.77
2023-02-26,36.99,3780,63,5,7.4
2023-02-27,55.37,7629,99,9,6.15
2023-02-28,63.5,5641,42,5,12.7
2023-03-01,69.26,7881,91,9,7.7
2023-03-02,61.95,8896,165,13,4.77
2023-03-03,64.18,6479,76,8,8.02
2023-03-04,35.43,3865,44,3,11.81
2023-03-05,51.54,6820,48,4,12.88
2023-03-06,60.82,6225,68,7,8.69
2023-03-07,44.06,6072,9,1,44.06
2023-03-08,47.59,4960,74,7,6.8
2023-03-09,63.47,9321,120,11,5.77
2023-03-10,68.33,6255,13,1,68.33
2023-03-11,64.37,7021,149,12,5.36
2023-03-12,41.27,5554,88,7,5.9
2023-03-13,42.98,6236,32,4,10.75
2023-03-14,61.6,7227,127,9,6.84
2023-03-15,62.53,8636,110,11,5.68
2023-03-16,47.25,4403,66,6,7.87
2023-03-17,40.25,5776,88,7,5.75
2023-03-18,46.67,6278,81,7,6.67
2023-03-19,50.15,5603,86,8,6.27
2023-03-20,70.03,6002,156,11,6.37
2023-03-21,57.8,5958,82,10,5.78
2023-03-22,50.91,5287,82,8,6.36
2023-03-23,66.56,7048,117,8,8.32
2023-03-24,39.3,3937,38,4,9.83
2023-03-25,34.13,3516,9,1,34.13
2023-03-26,48.67,4541,47,4,12.17
2023-03-27,68.03,9377,103,8,8.5
2023-03-28,54.22,5135,21,2,27.11
2023-03-29,67.71,7887,89,11,6.16
2023-03-30,50.89,7348,72,6,8.48
2023-03-31,63.5,5895,140,10,6.35
2023-04-01,30.27,4475,25,2,15.14
2023-04-02,19.66,2319,13,1,19.66
2023-04-03,31.89,4372,8,1,31.89
2023-04-04,22.37,2446,28,3,7.46
2023-04-05,32.99,4258,84,8,4.12
2023-04-06,31.13,2831,45,4,7.78
2023-04-07,34.76,4384,0,0,0.0
2023-04-08,25.48,2821,51,5,5.1
2023-04-09,20.42,1767,41,4,5.11
2023-04-10,30.83,3064,46,4,7.71
2023-04-11,42.54,5279,86,8,5.32
2023-04-12,40.01,4575,89,7,5.72
2023-04-13,37.29,3806,41,3,12.43
2023-04-14,36.57,4244,51,4,9.14
2023-04-15,16.64,2473,25,2,8.32
2023-04-16,20.87,2975,42,3,6.96
2023-04-17,31.39,3761,18,2,15.7
2023-04-18,27.71,3699,57,4,6.93
2023-04-19,35.73,3932,57,7,5.1
2023-04-20,34.19,3730,40,3,11.4
2023-04-21,29.82,2733,54,4,7.46
2023-04-22,23.61,2091,28,2,11.8
2023-04-23,114.11,14215,186,16,7.13
2023-04-24,180.1,21545,218,18,10.01
2023-04-25,182.7,21385,365,26,7.03
2023-04-26,144.16,17891,104,9,16.02
2023-04-27,119.56,14677,162,12,9.96
2023-04-28,181.28,25483,249,18,10.07
2023-04-29,67.88,6831,86,8,8.48
2023-04-30,27.8,3450,102,9,3.09
2023-05-01,34.12,3408,68,5,6.82
2023-05-02,30.43,2605,52,4,7.61
2023-05-03,42.63,6252,68,6,7.1
2023-05-04,31.3,3656,24,3,10.43
2023-05-05,36.23,5347,83,6,6.04
2023-05-06,27.18,3446,21,2,13.59
2023-05-07,32.39,3333,12,1,32.39
2023-05-08,32.52,3314,29,3,10.84
2023-05-09,33.5,3925,17,2,16.75
2023-05-10,33.46,3323,23,2,16.73
2023-05-11,27.75,2919,52,5,5.55
2023-05-12,42.21,6139,48,4,10.55
2023-05-13,30.45,2524,32,4,7.61
2023-05-14,31.38,4415,66,6,5.23
2023-05-15,48.24,5905,26,2,24.12
2023-05-16,22.75,2235,14,1,22.75
2023-05-17,35.31,4982,65,6,5.88
2023-05-18,40.5,4376,40,4,10.13
2023-05-19,44.85,4844,154,15,2.99
2023-05-20,31.99,3398,25,2,16.0
2023-05-21,19.7,2395,36,4,4.93
2023-05-22,32.7,3503,46,4,8.17
2023-05-23,42.56,3918,43,4,10.64
2023-05-24,33.88,3128,81,6,5.65
2023-05-25,29.2,3260,61,5,5.84
2023-05-26,45.35,6027,73,5,9.07
2023-05-27,26.19,3256,32,3,8.73
2023-05-28,21.62,1841,10,1,21.62
2023-05-29,50.81,7120,18,2,25.41
2023-05-30,34.69,5195,43,5,6.94
2023-05-31,42.88,5832,56,6,7.15
2023-06-01,35.46,3970,123,10,3.55
2023-06-02,49.29,4461,42,3,16.43
2023-06-03,26.93,2370,40,3,8.98
2023-06-04,41.07,5528,51,4,10.27
2023-06-05,53.41,7606,66,6,8.9
2023-06-06,53.0,5209,81,7,7.57
2023-06-07,59.07,6566,70,6,9.85
2023-06-08,33.95,4380,34,3,11.32
2023-06-09,60.25,6455,64,5,12.05
2023-06-10,36.55,3316,35,3,12.18
2023-06-11,27.51,3315,55,4,6.88
2023-06-12,63.36,5783,37,4,15.84
2023-06-13,47.21,4703,86,7,6.74
2023-06-14,43.24,5299,78,8,5.41
2023-06-15,39.3,3329,8,1,39.3
2023-06-16,57.29,5009,12,1,57.29
2023-06-17,30.49,4307,39,3,10.16
2023-06-18,29.72,3191,24,2,14.86
2023-06-19,57.42,5693,116,10,5.74
2023-06-20,68.47,7628,58,5,13.69
2023-06-21,43.46,6070,22,2,21.73
2023-06-22,41.57,4044,87,6,6.93
2023-06-23,52.33,5802,68,8,6.54
2023-06-24,39.31,4779,42,4,9.83
2023-06-25,38.35,3832,29,2,19.17
2023-06-26,48.26,6157,42,3,16.09
2023-06-27,40.96,5806,49,4,10.24
2023-06-28,51.3,5106,58,7,7.33
2023-06-29,36.29,3054,73,5,7.26
2023-06-30,45.34,4789,117,8,5.67
2023-07-01,16.51,1813,0,0,0.0
2023-07-02,20.58,2187,67,5,4.12
2023-07-03,23.08,2499,14,1,23.08
2023-07-04,45.41,4522,86,6,7.57
2023-07-05,32.15,4402,48,4,8.04
2023-07-06,23.03,3367,83,6,3.84
2023-07-07,33.32,3793,32,4,8.33
2023-07-08,24.5,2251,35,3,8.17
2023-07-09,11.15,1041,11,1,11.15
2023-07-10,26.61,2513,61,5,5.32
2023-07-11,29.09,2403,24,2,14.54
2023-07-12,32.84,4303,24,2,16.42
2023-07-13,27.98,3211,59,4,6.99
2023-07-14,33.13,3787,34,3,11.04
2023-07-15,20.68,2439,29,2,10.34
2023-07-16,175.63,22552,112,13,13.51
2023-07-17,205.58,26664,235,16,12.85
2023-07-18,218.46,31445,126,15,14.56
2023-07-19,355.44,42263,313,23,15.45
2023-07-20,316.94,27953,180,22,14.41
2023-07-21,236.31,29214,192,18,13.13
2023-07-22,200.5,26284,322,23,8.72
2023-07-23,15.2,1271,32,3,5.07
2023-07-24,27.89,3231,61,5,5.58
2023-07-25,28.32,2876,8,1,28.32
2023-07-26,36.84,3770,26,3,12.28
2023-07-27,31.67,4261,16,2,15.83
2023-07-28,43.02,3480,20,2,21.51
2023-07-29,15.59,1533,28,3,5.2
2023-07-30,26.64,3114,29,3,8.88
2023-07-31,30.31,3273,20,2,15.16
2023-08-01,64.66,7239,136,11,5.88
2023-08-02,91.88,11263,153,12,7.66
2023-08-03,56.58,7968,114,9,6.29
2023-08-04,59.16,8778,81,6,9.86
2023-08-05,47.59,6656,53,5,9.52
2023-08-06,47.12,6979,27,2,23.56
2023-08-07,44.21,6352,74,5,8.84
2023-08-08,77.06,10937,64,7,11.01
2023-08-09,71.58,9409,85,6,11.93
2023-08-10,68.11,5903,112,9,7.57
2023-08-11,71.5,9888,211,15,4.77
2023-08-12,40.72,5735,60,6,6.79
2023-08-13,44.37,5419,22,2,22.19
2023-08-14,78.81,6659,179,12,6.57
2023-08-15,70.61,9780,29,3,23.54
2023-08-16,72.44,7618,118,10,7.24
2023-08-17,79.53,9611,96,7,11.36
2023-08-18,80.02,7349,95,9,8.89
2023-08-19,66.35,5655,206,14,4.74
2023-08-20,39.73,3574,116,10,3.97
2023-08-21,63.99,9350,100,9,7.11
2023-08-22,66.08,8252,101,8,8.26
2023-08-23,79.61,6463,196,15,5.31
2023-08-24,57.51,4978,92,8,7.19
2023-08-25,74.23,10029,113,9,8.25
2023-08-26,36.14,5207,68,7,5.16
2023-08-27,45.84,4178,26,2,22.92
2023-08-28,61.25,8202,81,8,7.66
2023-08-29,67.01,7615,99,7,9.57
2023-08-30,54.4,4763,27,3,18.13
2023-08-31,56.91,6766,55,4,14.23
2023-09-01,57.95,5823,56,4,14.49
2023-09-02,33.97,3198,48,4,8.49
2023-09-03,25.67,2423,25,2,12.83
2023-09-04,35.98,3281,9,1,35.98
2023-09-05,53.56,4582,25,3,17.85
2023-09-06,52.26,6677,58,7,7.47
2023-09-07,49.19,6494,72,5,9.84
2023-09-08,49.76,4012,41,5,9.95
2023-09-09,35.8,4991,41,4,8.95
2023-09-10,29.28,2599,64,6,4.88
2023-09-11,41.84,3481,42,3,13.95
2023-09-12,56.25,6339,51,4,14.06
2023-09-13,49.62,7408,34,3,16.54
2023-09-14,49.12,6491,64,7,7.02
2023-09-15,40.28,5284,109,10,4.03
2023-09-16,38.66,3490,46,5,7.73
2023-09-17,32.78,3797,28,3,10.93
2023-09-18,46.4,4343,77,6,7.73
2023-09-19,58.91,8813,101,9,6.55
2023-09-20,55.8,7998,111,8,6.98
2023-09-21,48.72,5882,66,7,6.96
2023-09-22,39.41,4272,30,3,13.14
2023-09-23,30.01,2636,38,4,7.5
2023-09-24,30.11,3499,26,3,10.04
2023-09-25,44.1,5415,39,3,14.7
2023-09-26,49.73,4282,12,1,49.73
2023-09-27,50.96,5878,86,9,5.66
2023-09-28,52.83,5741,61,5,10.57
2023-09-29,62.46,5293,71,7,8.92
2023-09-30,29.26,4363,68,5,5.85
2023-10-01,31.93,2959,0,0,0.0
2023-10-02,21.19,2843,43,3,7.06
2023-10-03,37.14,4569,44,3,12.38
2023-10-04,39.03,5829,107,9,4.34
2023-10-05,35.01,4116,54,6,5.83
2023-10-06,34.77,4938,57,4,8.69
2023-10-07,20.61,1882,18,2,10.3
2023-10-08,21.63,2081,27,2,10.81
2023-10-09,26.84,3646,59,4,6.71
2023-10-10,29.99,2661,19,2,15.0
2023-10-11,38.87,3544,25,2,19.44
2023-10-12,39.45,4419,14,1,39.45
2023-10-13,35.86,4520,37,4,8.96
2023-10-14,20.71,2961,9,1,20.71
2023-10-15,24.63,2896,17,2,12.31
2023-10-16,29.87,2681,24,2,14.93
2023-10-17,25.88,3451,11,1,25.88
2023-10-18,31.78,3579,19,2,15.89
2023-10-19,35.04,4511,53,4,8.76
2023-10-20,30.13,2775,26,3,10.04
2023-10-21,17.52,1984,43,3,5.84
2023-10-22,18.95,2065,0,0,0.0
2023-10-23,30.42,3494,58,6,5.07
2023-10-24,32.63,3461,35,4,8.16
2023-10-25,34.8,2997,33,4,8.7
2023-10-26,34.94,4351,24,3,11.65
2023-10-27,33.91,4699,32,3,11.3
2023-10-28,15.96,1648,25,2,7.98
2023-10-29,22.56,2914,34,3,7.52
2023-10-30,43.1,4339,40,5,8.62
2023-10-31,25.55,3633,81,6,4.26
2023-11-01,24.89,2572,40,3,8.3
2023-11-02,30.08,3349,36,3,10.03
2023-11-03,28.3,2655,20,2,14.15
2023-11-04,20.9,2224,44,3,6.97
2023-11-05,22.15,2518,23,2,11.07
2023-11-06,30.59,4427,20,2,15.3
2023-11-07,30.28,3965,68,6,5.05
2023-11-08,26.34,2762,49,6,4.39
2023-11-09,28.67,3782,66,5,5.73
2023-11-10,31.88,3406,8,1,31.88
2023-11-11,20.17,2172,14,1,20.17
2023-11-12,22.72,2260,32,3,7.57
2023-11-13,24.85,3167,11,1,24.85
2023-11-14,25.69,3464,36,3,8.56
2023-11-15,22.31,3248,58,5,4.46
2023-11-16,18.55,1573,12,1,18.55
2023-11-17,30.05,3206,72,6,5.01
2023-11-18,22.53,2186,8,1,22.53
2023-11-19,17.2,2237,38,3,5.73
2023-11-20,25.64,3642,32,3,8.55
2023-11-21,23.36,3249,13,1,23.36
2023-11-22,30.02,3928,50,5,6.0
2023-11-23,27.91,3412,45,4,6.98
2023-11-24,29.95,2606,37,3,9.98
2023-11-25,23.67,3543,21,2,11.83
2023-11-26,24.54,2525,48,4,6.14
2023-11-27,23.05,3216,17,2,11.52
2023-11-28,27.62,3674,113,9,3.07
2023-11-29,34.15,4456,49,4,8.54
2023-11-30,31.41,3694,58,7,4.49
2023-12-01,37.22,4812,71,6,6.2
2023-12-02,45.08,4789,74,6,7.51
2023-12-03,25.77,3064,45,5,5.15
2023-12-04,46.79,5533,122,9,5.2
2023-12-05,54.7,6936,123,9,6.08
2023-12-06,33.45,4713,118,9,3.72
2023-12-07,42.1,4901,103,10,4.21
2023-12-08,44.13,6063,93,7,6.3
2023-12-09,45.39,6722,71,5,9.08
2023-12-10,37.02,4500,31,3,12.34
2023-12-11,51.53,6983,116,9,5.73
2023-12-12,56.7,4675,76,9,6.3
2023-12-13,54.09,6777,107,11,4.92
2023-12-14,47.27,4738,32,4,11.82
2023-12-15,62.13,5654,155,12,5.18
2023-12-16,27.98,2291,66,5,5.6
2023-12-17,34.45,3154,24,3,11.48
2023-12-18,48.11,6759,94,9,5.35
2023-12-19,35.69,4513,50,5,7.14
2023-12-20,46.8,4258,49,6,7.8
2023-12-21,55.28,6471,139,10,5.53
2023-12-22,39.27,4763,78,7,5.61
2023-12-23,27.15,3585,16,2,13.57
2023-12-24,27.77,2551,36,3,9.26
2023-12-25,55.29,4441,113,10,5.53
2023-12-26,66.41,8607,147,12,5.53
2023-12-27,40.26,5700,115,8,5.03
2023-12-28,41.65,3462,103,8,5.21
2023-12-29,43.68,5004,119,9,4.85
2023-12-30,36.89,5203,101,7,5.27
2023-12-31,11.23,1527,12,1,11.23
2024-01-01,8.29,946,13,1,8.29
2024-01-02,10.15,1324,9,1,10.15
2024-01-03,12.07,1195,12,1,12.07
2024-01-04,10.61,1583,11,1,10.61
2024-01-05,10.92,1628,0,0,0.0
2024-01-06,8.62,712,0,0,0.0
2024-01-07,28.77,2391,30,3,9.59
2024-01-08,48.37,5287,67,8,6.05
2024-01-09,36.83,5308,26,3,12.28
2024-01-10,38.35,4755,91,10,3.84
2024-01-11,33.91,4661,89,6,5.65
2024-01-12,34.46,3298,24,2,17.23
2024-01-13,21.2,2976,34,3,7.07
2024-01-14,82.23,9577,51,5,16.45
2024-01-15,171.23,21209,213,15,11.42
2024-01-16,129.83,14542,294,24,5.41
2024-01-17,132.02,11516,160,17,7.77
2024-01-18,140.48,12409,112,11,12.77
2024-01-19,176.42,15496,138,14,12.6
2024-01-20,104.69,10931,67,6,17.45
2024-01-21,28.82,3288,56,5,5.76
2024-01-22,38.8,4849,97,7,5.54
2024-01-23,28.6,3755,62,5,5.72
2024-01-24,31.02,4434,22,2,15.51
2024-01-25,38.8,5302,13,1,38.8
2024-01-26,33.6,4131,73,5,6.72
2024-01-27,24.39,3624,21,2,12.19
2024-01-28,26.55,3891,14,1,26.55
2024-01-29,27.91,2694,45,4,6.98
2024-01-30,40.27,3656,72,8,5.03
2024-01-31,38.89,5280,28,2,19.45
2024-02-01,55.31,6934,63,5,11.06
2024-02-02,67.02,6280,134,11,6.09
2024-02-03,41.23,5146,13,1,41.23
2024-02-04,37.15,4272,18,2,18.58
2024-02-05,66.75,7222,91,9,7.42
2024-02-06,69.78,9278,105,12,5.82
2024-02-07,57.78,5999,134,9,6.42
2024-02-08,70.47,7830,81,7,10.07
2024-02-09,56.28,5357,93,10,5.63
2024-02-10,44.45,3863,35,3,14.82
2024-02-11,44.11,4211,102,8,5.51
2024-02-12,52.38,5858,31,3,17.46
2024-02-13,68.76,6660,193,13,5.29
2024-02-14,49.79,6716,20,2,24.89
2024-02-15,38.34,3108,40,5,7.67
2024-02-16,61.33,5735,68,6,10.22
2024-02-17,51.17,7501,27,2,25.58
2024-02-18,38.11,4834,14,1,38.11
2024-02-19,60.27,5467,42,3,20.09
2024-02-20,65.09,8676,97,8,8.14
2024-02-21,58.43,6276,93,7,8.35
2024-02-22,73.55,6841,151,12,6.13
2024-02-23,67.15,9272,95,10,6.71
2024-02-24,44.49,3843,50,5,8.9
2024-02-25,51.17,5442,28,3,17.06
2024-02-26,65.31,7705,60,7,9.33
2024-02-27,61.27,8066,153,11,5.57
2024-02-28,73.11,7056,55,4,18.28
2024-02-29,64.18,8487,119,8,8.02
2024-03-01,47.41,6393,88,7,6.77
2024-03-02,38.45,4196,24,3,12.82
2024-03-03,41.47,4654,21,2,20.74
2024-03-04,67.39,9122,81,6,11.23
2024-03-05,70.48,7250,85,7,10.07
2024-03-06,69.62,9439,72,6,11.6
2024-03-07,67.72,6929,59,7,9.67
2024-03-08,51.97,7552,8,1,51.97
2024-03-09,37.93,5426,49,5,7.59
2024-03-10,41.75,3948,73,5,8.35
2024-03-11,71.23,7430,65,8,8.9
2024-03-12,80.65,8890,80,9,8.96
2024-03-13,74.43,7733,120,11,6.77
2024-03-14,66.92,5426,72,5,13.38
2024-03-15,77.68,9874,80,9,8.63
2024-03-16,50.72,6709,105,10,5.07
2024-03-17,43.89,5022,53,6,7.31
2024-03-18,77.84,6311,131,9,8.65
2024-03-19,66.63,8254,205,16,4.16
2024-03-20,76.95,7830,198,14,5.5
2024-03-21,62.1,8272,41,3,20.7
2024-03-22,86.02,8704,122,12,7.17
2024-03-23,53.31,5130,116,8,6.66
2024-03-24,42.25,4082,17,2,21.13
2024-03-25,39.95,4384,96,9,4.44
2024-03-26,63.39,8019,65,5,12.68
2024-03-27,45.91,6103,134,10,4.59
2024-03-28,78.62,10989,108,10,7.86
2024-03-29,52.31,6148,72,5,10.46
2024-03-30,37.17,4396,59,4,9.29
2024-03-31,54.25,7744,56,4,13.56
2024-04-01,59.21,7023,35,4,14.8
2024-04-02,110.18,9573,115,12,9.18
2024-04-03,59.98,7743,104,10,6.0
2024-04-04,43.0,3589,42,3,14.33
2024-04-05,77.34,8130,161,13,5.95
2024-04-06,35.92,3127,37,4,8.98
2024-04-07,58.15,6691,66,5,11.63
2024-04-08,49.02,7243,18,2,24.51
2024-04-09,76.22,6508,166,12,6.35
2024-04-10,56.96,7491,92,11,5.18
2024-04-11,68.34,5635,119,12,5.69
2024-04-12,61.32,7433,86,8,7.67
2024-04-13,48.99,4602,85,6,8.16
2024-04-14,63.34,7564,64,8,7.92
2024-04-15,71.29,6403,52,4,17.82
2024-04-16,48.1,6227,13,1,48.1
2024-04-17,55.09,6771,38,3,18.36
2024-04-18,69.59,5637,133,11,6.33
2024-04-19,113.17,15964,83,6,18.86
2024-04-20,43.2,6453,104,7,6.17
2024-04-21,47.99,5891,24,3,16.0
2024-04-22,63.97,5196,119,9,7.11
2024-04-23,72.29,6025,191,15,4.82
2024-04-24,66.34,6725,64,6,11.06
2024-04-25,72.44,8519,159,12,6.04
2024-04-26,52.38,5499,86,6,8.73
2024-04-27,44.04,5283,46,4,11.01
2024-04-28,47.8,6015,56,6,7.97
2024-04-29,56.31,7332,82,7,8.04
2024-04-30,70.4,10424,128,11,6.4
2024-05-01,53.42,5570,72,6,8.9
2024-05-02,54.34,5452,60,6,9.06
2024-05-03,47.85,4509,47,5,9.57
2024-05-04,37.35,3246,47,5,7.47
2024-05-05,38.17,3210,48,6,6.36
2024-05-06,50.47,6735,115,8,6.31
2024-05-07,45.66,5664,58,5,9.13
2024-05-08,32.63,4803,22,2,16.32
2024-05-09,55.47,4714,72,5,11.09
2024-05-10,63.11,8751,93,10,6.31
2024-05-11,41.26,5918,48,6,6.88
2024-05-12,165.92,14050,105,11,15.08
2024-05-13,257.12,23418,391,29,8.87
2024-05-14,133.46,16335,137,16,8.34
2024-05-15,151.01,17375,176,18,8.39
2024-05-16,227.62,28999,281,19,11.98
2024-05-17,255.32,22778,338,24,10.64
2024-05-18,109.07,9108,161,12,9.09
2024-05-19,27.93,2720,35,4,6.98
2024-05-20,47.61,5269,32,3,15.87
2024-05-21,53.31,5838,52,6,8.88
2024-05-22,68.55,7110,108,10,6.85
2024-05-23,44.39,4845,100,9,4.93
2024-05-24,45.68,4773,27,2,22.84
2024-05-25,34.18,4259,40,5,6.84
2024-05-26,45.87,4325,46,5,9.17
2024-05-27,50.33,6554,83,6,8.39
2024-05-28,53.15,7486,127,10,5.32
2024-05-29,46.45,6559,75,8,5.81
2024-05-30,73.54,9309,165,12,6.13
2024-05-31,59.44,7343,105,11,5.4
2024-06-01,25.19,2022,10,1,25.19
2024-06-02,176.54,18997,116,13,13.58
2024-06-03,234.3,24877,236,23,10.19
2024-06-04,305.86,27852,204,23,13.3
2024-06-05,326.0,39030,259,28,11.64
2024-06-06,367.32,39405,364,29,12.67
2024-06-07,432.24,47598,439,37,11.68
2024-06-08,220.71,28602,168,12,18.39
2024-06-09,30.98,4556,34,3,10.33
2024-06-10,47.5,6559,31,3,15.83
2024-06-11,47.85,7127,24,3,15.95
2024-06-12,47.04,5908,76,8,5.88
2024-06-13,57.94,6653,29,3,19.31
2024-06-14,63.22,5686,160,11,5.75
2024-06-15,46.24,4003,64,5,9.25
2024-06-16,25.87,3599,66,5,5.17
2024-06-17,50.2,5482,30,3,16.73
2024-06-18,49.99,6444,43,3,16.66
2024-06-19,52.15,7039,88,8,6.52
2024-06-20,43.61,6217,37,4,10.9
2024-06-21,39.15,3931,112,12,3.26
2024-06-22,34.89,4713,56,5,6.98
2024-06-23,24.83,2139,46,4,6.21
2024-06-24,34.39,2755,59,4,8.6
2024-06-25,31.57,3481,44,3,10.52
2024-06-26,38.85,5725,49,4,9.71
2024-06-27,45.19,5625,65,8,5.65
2024-06-28,35.3,3992,59,4,8.82
2024-06-29,36.32,3462,29,2,18.16
2024-06-30,22.04,3000,59,4,5.51
2024-07-01,36.23,3484,88,6,6.04
2024-07-02,35.65,5021,80,8,4.46
2024-07-03,46.9,6641,49,4,11.72
2024-07-04,31.5,3159,56,4,7.87
2024-07-05,29.49,4043,10,1,29.49
2024-07-06,26.6,3530,39,4,6.65
2024-07-07,28.02,3402,0,0,0.0
2024-07-08,35.73,4638,77,8,4.47
2024-07-09,44.89,4176,16,2,22.44
2024-07-10,39.95,3585,137,10,3.99
2024-07-11,43.73,4040,35,3,14.58
2024-07-12,30.83,3454,11,1,30.83
2024-07-13,31.07,3206,10,1,31.07
2024-07-14,21.04,2586,42,3,7.01
2024-07-15,36.14,4452,47,5,7.23
2024-07-16,38.11,3480,78,8,4.76
2024-07-17,36.28,5209,65,6,6.05
2024-07-18,55.72,5760,148,11,5.07
2024-07-19,39.44,4545,32,3,13.15
2024-07-20,26.6,3300,12,1,26.6
2024-07-21,6.98,674,36,3,2.33
2024-07-22,11.55,1506,0,0,0.0
2024-07-23,10.84,1501,16,2,5.42
2024-07-24,14.36,1888,13,1,14.36
2024-07-25,12.58,1009,0,0,0.0
2024-07-26,12.9,1475,27,3,4.3
2024-07-27,8.21,924,0,0,0.0
2024-07-28,158.06,15283,49,6,26.34
2024-07-29,162.39,19509,163,18,9.02
2024-07-30,194.57,19717,125,12,16.21
2024-07-31,142.96,20934,160,15,9.53
2024-08-01,277.64,29618,246,24,11.57
2024-08-02,327.77,29958,137,13,25.21
2024-08-03,169.64,21227,196,18,9.42
2024-08-04,177.16,23924,242,18,9.84
2024-08-05,234.26,23629,303,25,9.37
2024-08-06,265.0,24644,404,27,9.81
2024-08-07,207.12,26645,155,11,18.83
2024-08-08,307.36,37103,175,12,25.61
2024-08-09,227.92,33776,216,17,13.41
2024-08-10,243.93,36135,217,21,11.62
2024-08-11,47.46,6294,43,5,9.49
2024-08-12,67.63,9548,120,10,6.76
2024-08-13,67.7,6521,58,5,13.54
2024-08-14,69.79,5823,123,9,7.75
2024-08-15,67.56,7022,142,10,6.76
2024-08-16,71.75,10476,105,9,7.97
2024-08-17,58.8,5006,37,4,14.7
2024-08-18,10.56,1002,14,1,10.56
2024-08-19,18.79,2633,10,1,18.79
2024-08-20,19.11,1693,12,1,19.11
2024-08-21,26.32,2228,51,4,6.58
2024-08-22,12.31,1045,16,2,6.16
2024-08-23,18.34,2102,0,0,0.0
2024-08-24,19.52,2517,17,2,9.76
2024-08-25,9.7,1379,0,0,0.0
2024-08-26,19.55,2770,0,0,0.0
2024-08-27,17.11,2132,31,3,5.7
2024-08-28,14.59,1221,14,1,14.59
2024-08-29,19.64,2318,14,1,19.64
2024-08-30,16.18,1685,35,3,5.39
2024-08-31,7.88,813,11,1,7.88
2024-09-01,31.75,2729,41,4,7.94
2024-09-02,58.08,7544,105,9,6.45
2024-09-03,52.62,4312,29,3,17.54
2024-09-04,42.26,4089,34,4,10.57
2024-09-05,49.27,6654,72,7,7.04
2024-09-06,49.29,4270,47,5,9.86
2024-09-07,30.81,4233,64,5,6.16
2024-09-08,48.02,4311,74,9,5.34
2024-09-09,45.53,4654,72,6,7.59
2024-09-10,45.79,5658,53,5,9.16
2024-09-11,43.5,5594,25,3,14.5
2024-09-12,56.72,5801,77,6,9.45
2024-09-13,51.75,6689,120,11,4.7
2024-09-14,51.76,5338,89,9,5.75
2024-09-15,129.24,11316,181,13,9.94
2024-09-16,225.14,27604,225,19,11.85
2024-09-17,190.89,21539,110,10,19.09
2024-09-18,202.11,19005,260,24,8.42
2024-09-19,159.19,22304,168,20,7.96
2024-09-20,203.99,26552,237,16,12.75
2024-09-21,152.19,12333,112,13,11.71
2024-09-22,15.37,1961,0,0,0.0
2024-09-23,10.88,942,0,0,0.0
2024-09-24,20.22,2987,0,0,0.0
2024-09-25,23.16,3238,87,7,3.31
2024-09-26,23.06,2796,0,0,0.0
2024-09-27,25.35,3755,47,5,5.07
2024-09-28,12.24,1129,14,1,12.24
2024-09-29,36.77,3192,11,1,36.77
2024-09-30,48.17,5381,27,2,24.08
2024-10-01,19.39,1825,9,1,19.39
2024-10-02,19.91,2452,39,3,6.64
2024-10-03,25.72,2808,12,1,25.72
2024-10-04,30.94,3927,19,2,15.47
2024-10-05,13.14,1106,25,2,6.57
2024-10-06,21.7,1857,36,3,7.23
2024-10-07,16.48,2332,0,0,0.0
2024-10-08,17.17,1568,12,1,17.17
2024-10-09,30.82,4235,44,3,10.27
2024-10-10,27.99,3520,32,3,9.33
2024-10-11,29.27,4229,21,2,14.63
2024-10-12,19.81,2913,43,3,6.6
2024-10-13,22.13,1914,10,1,22.13
2024-10-14,23.8,2945,57,5,4.76
2024-10-15,21.93,2884,39,4,5.48
2024-10-16,21.44,1747,62,5,4.29
2024-10-17,21.7,3009,29,2,10.85
2024-10-18,24.71,3591,0,0,0.0
2024-10-19,20.37,2689,33,3,6.79
2024-10-20,12.71,1463,44,3,4.24
2024-10-21,18.46,1981,22,2,9.23
2024-10-22,18.5,2410,13,1,18.5
2024-10-23,24.09,2802,24,3,8.03
2024-10-24,33.35,2919,25,3,11.12
2024-10-25,31.66,4449,34,3,10.55
2024-10-26,18.66,2637,29,3,6.22
2024-10-27,21.71,2743,23,2,10.86
2024-10-28,21.04,2728,33,4,5.26
2024-10-29,25.55,2714,68,7,3.65
2024-10-30,30.69,4514,128,9,3.41
2024-10-31,27.9,2970,22,2,13.95
2024-11-01,41.62,5336,41,5,8.32
2024-11-02,33.92,4634,46,4,8.48
2024-11-03,14.16,1907,9,1,14.16
2024-11-04,22.15,2907,25,3,7.38
2024-11-05,19.43,2039,34,3,6.48
2024-11-06,23.22,2161,43,5,4.64
2024-11-07,18.41,2217,0,0,0.0
2024-11-08,16.92,1523,28,2,8.46
2024-11-09,16.86,1504,29,2,8.43
2024-11-10,45.73,5827,36,4,11.43
2024-11-11,48.43,6391,132,9,5.38
2024-11-12,32.98,4901,20,2,16.49
2024-11-13,39.15,5754,84,7,5.59
2024-11-14,47.52,5392,48,5,9.5
2024-11-15,34.99,3317,31,3,11.66
2024-11-16,26.3,2243,13,1,26.3
2024-11-17,38.89,4029,32,3,12.96
2024-11-18,28.14,3559,34,4,7.04
2024-11-19,55.36,4780,35,3,18.45
2024-11-20,59.66,6844,125,9,6.63
2024-11-21,41.82,4571,22,2,20.91
2024-11-22,63.51,7617,42,4,15.88
2024-11-23,27.75,4083,27,2,13.87
2024-11-24,138.2,13982,119,14,9.87
2024-11-25,182.37,23020,244,23,7.93
2024-11-26,198.7,18765,202,25,7.95
2024-11-27,174.14,14556,147,10,17.41
2024-11-28,118.32,11378,178,17,6.96
2024-11-29,131.78,18166,152,13,10.14
2024-11-30,126.77,18673,144,11,11.52
2024-12-01,50.12,5095,70,8,6.27
2024-12-02,61.57,5108,82,9,6.84
2024-12-03,60.46,7211,101,7,8.64
2024-12-04,55.9,4556,117,9,6.21
2024-12-05,72.54,7354,121,10,7.25
2024-12-06,53.27,5349,62,5,10.65
2024-12-07,36.84,4551,56,4,9.21
2024-12-08,43.05,3694,26,3,14.35
2024-12-09,72.61,10011,129,9,8.07
2024-12-10,48.87,5554,50,4,12.22
2024-12-11,60.24,5210,132,10,6.02
2024-12-12,66.36,6973,85,8,8.29
2024-12-13,42.34,6288,81,6,7.06
2024-12-14,46.85,3850,26,3,15.62
2024-12-15,33.61,4233,32,3,11.2
2024-12-16,61.47,6969,173,13,4.73
2024-12-17,55.43,7196,117,11,5.04
2024-12-18,56.52,6039,34,3,18.84
2024-12-19,71.13,9317,132,10,7.11
2024-12-20,60.27,6818,24,2,30.14
2024-12-21,34.72,3532,33,4,8.68
2024-12-22,34.72,3771,34,3,11.57
2024-12-23,71.46,8061,33,3,23.82
2024-12-24,54.44,7887,46,5,10.89
2024-12-25,65.54,9182,55,6,10.92
2024-12-26,47.92,6356,67,6,7.99
2024-12-27,54.13,5029,59,6,9.02
2024-12-28,46.55,4946,20,2,23.27
2024-12-29,38.57,3516,43,5,7.71
2024-12-30,50.05,4804,48,6,8.34
2024-12-31,57.88,4919,79,8,7.23
2025-01-01,33.64,4294,60,6,5.61
2025-01-02,54.42,6373,22,2,27.21
2025-01-03,45.71,5240,62,5,9.14
2025-01-04,27.0,3338,28,2,13.5
2025-01-05,27.17,4040,33,3,9.06
2025-01-06,33.05,2808,9,1,33.05
2025-01-07,35.32,4974,85,8,4.41
2025-01-08,35.19,4717,83,6,5.87
2025-01-09,45.59,4043,33,3,15.2
2025-01-10,33.67,3987,27,2,16.84
2025-01-11,36.87,3359,53,5,7.37
2025-01-12,12.82,1119,41,3,4.27
2025-01-13,16.64,1826,9,1,16.64
2025-01-14,22.25,2261,40,3,7.42
2025-01-15,23.52,2759,47,4,5.88
2025-01-16,16.32,2313,0,0,0.0
2025-01-17,19.74,1695,17,2,9.87
2025-01-18,9.46,1219,29,2,4.73
2025-01-19,29.38,2847,32,4,7.34
2025-01-20,35.33,3906,53,5,7.07
2025-01-21,41.69,4477,13,1,41.69
2025-01-22,45.8,4962,68,6,7.63
2025-01-23,45.04,5153,83,6,7.51
2025-01-24,35.99,4889,69,5,7.2
2025-01-25,26.48,2556,10,1,26.48
2025-01-26,30.33,2756,36,3,10.11
2025-01-27,38.33,5734,47,5,7.67
2025-01-28,30.7,3720,9,1,30.7
2025-01-29,33.82,4462,29,3,11.27
2025-01-30,34.23,3277,31,3,11.41
2025-01-31,37.77,3661,24,2,18.88
2025-02-01,23.65,2371,10,1,23.65
2025-02-02,16.72,2363,0,0,0.0
2025-02-03,29.15,2604,65,5,5.83
2025-02-04,28.47,3796,39,4,7.12
2025-02-05,33.51,2912,53,4,8.38
2025-02-06,24.37,2217,40,3,8.12
2025-02-07,23.8,2215,28,3,7.93
2025-02-08,21.98,1802,12,1,21.98
2025-02-09,16.98,2256,58,4,4.25
2025-02-10,23.17,2174,41,5,4.63
2025-02-11,25.87,2286,0,0,0.0
2025-02-12,34.14,4139,27,2,17.07
2025-02-13,19.22,2534,86,7,2.75
2025-02-14,26.28,3577,39,4,6.57
2025-02-15,12.52,1719,13,1,12.52
2025-02-16,15.48,1874,11,1,15.48
2025-02-17,23.87,2799,10,1,23.87
2025-02-18,23.99,2200,32,4,6.0
2025-02-19,29.23,2787,68,5,5.85
2025-02-20,20.34,2808,29,2,10.17
2025-02-21,33.75,3291,28,3,11.25
2025-02-22,21.67,2909,35,3,7.22
2025-02-23,15.09,1639,24,2,7.55
2025-02-24,20.74,2674,24,3,6.91
2025-02-25,23.34,3474,22,2,11.67
2025-02-26,18.7,2390,36,3,6.23
2025-02-27,23.09,3266,45,4,5.77
2025-02-28,22.33,2910,0,0,0.0
2025-03-01,40.03,4492,68,6,6.67
2025-03-02,30.39,2873,78,8,3.8
2025-03-03,51.29,6231,8,1,51.29
2025-03-04,52.26,5036,61,6,8.71
2025-03-05,48.0,4042,53,6,8.0
2025-03-06,38.27,5498,82,9,4.25
2025-03-07,38.48,3692,0,0,0.0
2025-03-08,28.26,2496,16,2,14.13
2025-03-09,33.84,4857,54,5,6.77
2025-03-10,44.03,6110,77,6,7.34
2025-03-11,52.94,5631,132,9,5.88
2025-03-12,35.08,4429,38,4,8.77
2025-03-13,41.85,6189,85,7,5.98
2025-03-14,33.7,4571,66,8,4.21
2025-03-15,32.69,3789,11,1,32.69
2025-03-16,25.19,2244,29,2,12.6
2025-03-17,40.15,5000,67,6,6.69
2025-03-18,32.86,3073,38,3,10.95
2025-03-19,48.45,6341,51,6,8.08
2025-03-20,45.19,4264,60,6,7.53
2025-03-21,34.67,3825,35,3,11.56
2025-03-22,31.48,4541,22,2,15.74
2025-03-23,38.01,4855,32,4,9.5
2025-03-24,34.57,3557,96,7,4.94
2025-03-25,55.63,7440,99,10,5.56
2025-03-26,45.48,6202,134,10,4.55
2025-03-27,46.38,6207,87,8,5.8
2025-03-28,38.68,5444,27,2,19.34
2025-03-29,28.9,3112,86,6,4.82
2025-03-30,31.57,3513,41,4,7.89
2025-03-31,44.0,5147,87,9,4.89
2025-04-01,39.73,5859,67,5,7.95
2025-04-02,26.97,3469,26,2,13.48
2025-04-03,33.23,4209,20,2,16.62
2025-04-04,20.47,1915,19,2,10.23
2025-04-05,22.31,2236,18,2,11.16
2025-04-06,18.65,2724,22,2,9.32
2025-04-07,35.12,3233,74,9,3.9
2025-04-08,25.0,2884,47,5,5.0
2025-04-09,24.4,2787,56,4,6.1
2025-04-10,27.83,2996,0,0,0.0
2025-04-11,31.7,4546,67,8,3.96
2025-04-12,23.93,2892,59,4,5.98
2025-04-13,19.11,2222,12,1,19.11
2025-04-14,30.2,3952,26,3,10.07
2025-04-15,28.12,2916,31,3,9.37
2025-04-16,18.39,2566,8,1,18.39
2025-04-17,28.47,3094,32,4,7.12
2025-04-18,25.87,3523,29,2,12.93
2025-04-19,20.57,2429,32,4,5.14
2025-04-20,19.0,2500,47,4,4.75
2025-04-21,24.0,1969,11,1,24.0
2025-04-22,28.88,3745,65,5,5.78
2025-04-23,30.12,2581,50,6,5.02
2025-04-24,30.69,4450,0,0,0.0
2025-04-25,27.99,2592,44,5,5.6
2025-04-26,16.97,2496,16,2,8.49
2025-04-27,21.71,3039,10,1,21.71
2025-04-28,33.29,3375,0,0,0.0
2025-04-29,28.2,3080,39,3,9.4
2025-04-30,28.85,3378,28,3,9.62
2025-05-01,67.5,7504,125,10,6.75
2025-05-02,50.28,4711,101,8,6.29
2025-05-03,53.11,4938,27,2,26.56
2025-05-04,50.59,5903,83,9,5.62
2025-05-05,72.22,9185,231,18,4.01
2025-05-06,78.98,9195,141,11,7.18
2025-05-07,58.98,6024,100,7,8.43
2025-05-08,61.08,6416,40,5,12.22
2025-05-09,67.83,7332,109,8,8.48
2025-05-10,55.52,5181,85,7,7.93
2025-05-11,60.37,7038,108,9,6.71
2025-05-12,74.18,8009,166,16,4.64
2025-05-13,76.26,10853,177,13,5.87
2025-05-14,64.88,5598,99,9,7.21
2025-05-15,79.59,11595,91,10,7.96
2025-05-16,93.63,8101,215,23,4.07
2025-05-17,39.48,5136,60,6,6.58
2025-05-18,51.32,6243,102,8,6.42
2025-05-19,75.03,9656,138,12,6.25
2025-05-20,80.5,10088,166,14,5.75
2025-05-21,79.94,8421,274,19,4.21
2025-05-22,59.23,7381,105,9,6.58
2025-05-23,65.14,7848,93,7,9.31
2025-05-24,54.82,6383,89,10,5.48
2025-05-25,41.14,3984,47,4,10.28
2025-05-26,56.75,5168,49,6,9.46
2025-05-27,69.67,9426,93,7,9.95
2025-05-28,76.84,7894,115,8,9.6
2025-05-29,53.31,7540,80,10,5.33
2025-05-30,57.04,5875,45,5,11.41
2025-05-31,50.43,5852,75,9,5.6
2025-06-01,6.56,776,11,1,6.56
2025-06-02,9.87,1368,8,1,9.87
2025-06-03,10.92,1031,0,0,0.0
2025-06-04,8.69,799,0,0,0.0
2025-06-05,9.28,945,0,0,0.0
2025-06-06,8.69,743,34,3,2.9
2025-06-07,6.44,951,12,1,6.44
2025-06-08,21.89,2955,8,1,21.89
2025-06-09,26.68,3544,40,5,5.34
2025-06-10,26.99,3087,55,6,4.5
2025-06-11,33.84,4179,28,2,16.92
2025-06-12,29.84,4075,56,5,5.97
2025-06-13,31.06,3028,37,3,10.35
2025-06-14,24.61,3447,54,4,6.15
2025-06-15,62.31,8489,139,11,5.66
2025-06-16,110.11,10232,66,8,13.76
2025-06-17,125.68,13792,179,18,6.98
2025-06-18,151.15,12706,137,13,11.63
2025-06-19,132.92,14031,173,14,9.49
2025-06-20,113.11,13975,189,23,4.92
2025-06-21,118.93,17738,94,10,11.89
2025-06-22,22.4,3207,0,0,0.0
2025-06-23,36.34,5023,44,4,9.08
2025-06-24,24.46,1981,9,1,24.46
2025-06-25,25.36,2777,42,3,8.45
2025-06-26,36.36,3024,43,5,7.27
2025-06-27,28.45,2727,37,3,9.48
2025-06-28,24.11,1990,16,2,12.06
2025-06-29,25.63,3666,27,3,8.54
2025-06-30,28.68,2568,33,3,9.56
2025-07-01,22.35,2388,29,2,11.17
2025-07-02,24.12,3133,20,2,12.06
2025-07-03,17.35,2586,8,1,17.35
2025-07-04,17.03,1941,21,2,8.52
2025-07-05,18.31,2318,0,0,0.0
2025-07-06,20.1,2778,104,7,2.87
2025-07-07,28.92,3586,0,0,0.0
2025-07-08,28.16,3356,35,4,7.04
2025-07-09,17.13,1667,14,1,17.13
2025-07-10,25.02,2956,72,6,4.17
2025-07-11,24.94,2063,31,3,8.31
2025-07-12,24.96,3600,33,3,8.32
2025-07-13,16.66,2060,18,2,8.33
2025-07-14,17.63,1835,14,1,17.63
2025-07-15,26.07,3677,0,0,0.0
2025-07-16,20.99,2878,23,2,10.5
2025-07-17,34.37,3435,45,4,8.59
2025-07-18,23.25,2044,31,3,7.75
2025-07-19,15.96,2147,33,4,3.99
2025-07-20,17.42,2515,36,4,4.36
2025-07-21,27.74,3504,28,3,9.25
2025-07-22,29.16,3725,12,1,29.16
2025-07-23,26.33,3484,26,2,13.17
2025-07-24,31.55,3118,80,7,4.51
2025-07-25,22.19,1815,28,2,11.09
2025-07-26,21.77,2872,40,3,7.26
2025-07-27,20.05,2747,17,2,10.03
2025-07-28,44.87,4274,9,1,44.87
2025-07-29,29.83,3920,35,4,7.46
2025-07-30,26.54,2863,71,5,5.31
2025-07-31,19.98,2358,20,2,9.99
2025-08-01,41.54,3335,12,1,41.54
2025-08-02,21.05,2265,9,1,21.05
2025-08-03,28.15,3734,33,4,7.04
2025-08-04,41.04,5677,9,1,41.04
2025-08-05,32.49,3970,23,2,16.25
2025-08-06,26.72,3569,13,1,26.72
2025-08-07,41.82,3857,17,2,20.91
2025-08-08,30.24,4257,13,1,30.24
2025-08-09,27.04,3271,37,3,9.01
2025-08-10,24.21,2878,33,3,8.07
2025-08-11,40.41,5603,20,2,20.2
2025-08-12,37.86,3053,38,4,9.46
2025-08-13,37.48,5016,40,3,12.49
2025-08-14,35.1,3450,23,2,17.55
2025-08-15,38.79,5400,9,1,38.79
2025-08-16,31.24,4578,101,8,3.91
2025-08-17,25.01,2489,0,0,0.0
2025-08-18,45.06,5785,79,6,7.51
2025-08-19,41.6,3386,35,4,10.4
2025-08-20,34.78,3094,23,2,17.39
2025-08-21,36.86,3397,12,1,36.86
2025-08-22,41.99,5332,126,9,4.67
2025-08-23,27.42,3618,24,2,13.71
2025-08-24,5.0,563,0,0,0.0
2025-08-25,7.76,897,0,0,0.0
2025-08-26,10.24,981,26,2,5.12
2025-08-27,11.58,1591,12,1,11.58
2025-08-28,7.77,934,0,0,0.0
2025-08-29,9.31,973,0,0,0.0
2025-08-30,7.37,903,10,1,7.37
2025-08-31,23.25,2761,65,5,4.65
2025-09-01,37.63,5240,91,7,5.38
2025-09-02,47.09,4635,58,5,9.42
2025-09-03,39.96,4649,37,3,13.32
2025-09-04,32.81,3296,22,2,16.41
2025-09-05,45.13,6454,55,4,11.28
2025-09-06,26.82,2862,69,6,4.47
2025-09-07,29.42,3108,79,6,4.9
2025-09-08,59.46,8777,111,8,7.43
2025-09-09,36.74,5055,58,4,9.18
2025-09-10,39.01,4315,35,3,13.0
2025-09-11,38.59,3649,33,3,12.86
2025-09-12,36.17,3903,65,6,6.03
2025-09-13,29.4,3718,36,3,9.8
2025-09-14,30.17,3475,37,3,10.06
2025-09-15,54.73,5631,70,8,6.84
2025-09-16,46.77,4631,57,4,11.69
2025-09-17,42.42,3796,86,7,6.06
2025-09-18,46.23,5086,70,5,9.25
2025-09-19,31.91,3759,34,3,10.64
2025-09-20,25.14,3130,12,1,25.14
2025-09-21,37.38,5168,45,5,7.48
2025-09-22,35.95,5240,61,6,5.99
2025-09-23,34.69,4384,40,4,8.67
2025-09-24,38.98,3898,63,7,5.57
2025-09-25,37.93,4074,40,4,9.48
2025-09-26,65.05,5556,80,7,9.29
2025-09-27,37.71,5633,37,4,9.43
2025-09-28,14.63,1581,20,2,7.31
2025-09-29,18.06,1494,22,2,9.03
2025-09-30,21.52,2866,25,2,10.76
2025-10-01,13.2,1394,26,2,6.6
2025-10-02,18.45,1975,28,2,9.23
2025-10-03,11.73,1602,0,0,0.0
2025-10-04,7.0,947,29,2,3.5
2025-10-05,23.61,1974,14,1,23.61
2025-10-06,38.76,5328,20,2,19.38
2025-10-07,32.45,3721,20,2,16.23
2025-10-08,41.65,4498,65,6,6.94
2025-10-09,32.87,3958,31,3,10.96
2025-10-10,36.85,4197,24,3,12.28
2025-10-11,19.85,1727,0,0,0.0
2025-10-12,21.19,2533,18,2,10.6
2025-10-13,29.78,2970,61,6,4.96
2025-10-14,28.45,3016,8,1,28.45
2025-10-15,40.81,3809,54,5,8.16
2025-10-16,48.18,6035,91,7,6.88
2025-10-17,37.98,4850,41,3,12.66
2025-10-18,19.84,1731,14,1,19.84
2025-10-19,24.11,2231,21,2,12.05
2025-10-20,31.82,4133,69,5,6.36
2025-10-21,33.8,2826,77,6,5.63
2025-10-22,29.91,2453,41,4,7.48
2025-10-23,31.83,3368,23,2,15.91
2025-10-24,30.63,3581,51,4,7.66
2025-10-25,23.04,1894,45,5,4.61
2025-10-26,27.36,2669,23,2,13.68
2025-10-27,29.3,3857,26,3,9.77
2025-10-28,32.7,4039,34,4,8.17
2025-10-29,38.13,3114,54,4,9.53
2025-10-30,36.74,3971,25,2,18.37
2025-10-31,29.11,3561,29,2,14.55
2025-11-01,32.69,4282,42,3,10.9
2025-11-02,28.77,2696,25,3,9.59
2025-11-03,48.02,5379,81,6,8.0
2025-11-04,43.05,4160,65,5,8.61
2025-11-05,45.4,6018,39,4,11.35
2025-11-06,44.83,3893,37,3,14.94
2025-11-07,55.48,5043,114,10,5.55
2025-11-08,32.73,4892,82,8,4.09
2025-11-09,29.38,3922,48,4,7.34
2025-11-10,41.38,4524,62,5,8.28
2025-11-11,44.15,4726,89,8,5.52
2025-11-12,49.24,4073,66,7,7.03
2025-11-13,53.93,6538,157,11,4.9
2025-11-14,40.56,4629,20,2,20.28
2025-11-15,29.18,3624,51,5,5.84
2025-11-16,273.65,33825,314,29,9.44
2025-11-17,536.19,78216,389,36,14.89
2025-11-18,499.68,59105,311,21,23.79
2025-11-19,443.49,58926,433,35,12.67
2025-11-20,435.24,56078,388,26,16.74
2025-11-21,385.84,32116,380,33,11.69
2025-11-22,311.67,34330,239,18,17.31
2025-11-23,291.4,33956,287,20,14.57
2025-11-24,499.94,51296,344,26,19.23
2025-11-25,414.55,34727,233,22,18.84
2025-11-26,486.13,68081,254,25,19.45
2025-11-27,274.83,39281,220,16,17.18
2025-11-28,354.92,43220,289,23,15.43
2025-11-29,316.96,38273,315,22,14.41
2025-11-30,40.87,4004,56,6,6.81
2025-12-01,55.53,8081,89,9,6.17
2025-12-02,53.07,4591,55,4,13.27
2025-12-03,51.94,6092,64,5,10.39
2025-12-04,66.8,9179,75,9,7.42
2025-12-05,62.24,6205,100,10,6.22
2025-12-06,39.33,5173,87,6,6.56
2025-12-07,32.44,3220,9,1,32.44
2025-12-08,28.5,4079,27,2,14.25
2025-12-09,43.86,5804,19,2,21.93
2025-12-10,57.14,6261,108,8,7.14
2025-12-11,53.27,7640,61,7,7.61
2025-12-12,59.56,6217,102,9,6.62
2025-12-13,42.31,4370,49,5,8.46
2025-12-14,31.99,2644,25,3,10.66
2025-12-15,47.26,5772,110,8,5.91
2025-12-16,55.25,7072,117,8,6.91
2025-12-17,55.56,8243,117,9,6.17
2025-12-18,53.0,7495,42,4,13.25
2025-12-19,52.67,6567,82,10,5.27
2025-12-20,34.42,4016,9,1,34.42
2025-12-21,34.18,4963,36,3,11.39
2025-12-22,46.7,4781,80,8,5.84
2025-12-23,60.75,5888,80,10,6.07
2025-12-24,42.68,4315,97,8,5.34
2025-12-25,62.28,7342,103,7,8.9
2025-12-26,63.38,5622,89,8,7.92
2025-12-27,36.3,3148,28,3,12.1
2025-12-28,308.54,31779,442,30,10.28
2025-12-29,492.3,54636,216,24,20.51
2025-12-30,498.22,45339,235,22,22.65
2025-12-31,442.97,66365,300,22,20.14
